ACCCAAG,-8.1,100
AACCCAA,-8.2,100
CAACCCA,-8.9,100
CCAACCC,-9.9,100
CCCAACC,-10.2,100
TCCCAAC,-8.9,100
TTCCCAA,-7.5,2.3
CTTCCCA,-8.9,100
TCTTCCC,-8.6,100
TTCTTCC,-7.6,100
TTTCTTC,-6.7,100
GTTTCTT,-7.4,100
AGTTTCT,-7.3,2
CAGTTTC,-7.9,100
ACAGTTT,-7.7,100
CACAGTT,-8.2,100
CCACAGT,-8.7,100
GCCACAG,-11.1,100
TGCCACA,-9.3,1.6
GTGCCAC,-10.6,1.9
AGTGCCA,-9.1,100
AAGTGCC,-9.1,100
GAAGTGC,-8.8,100
CGAAGTG,-9.4,2.1
CCGAAGT,-9,100
ACCGAAG,-9.8,100
CACCGAA,-8.7,100
GCACCGA,-10.3,100
GGCACCG,-12,100
TGGCACC,-10.1,100
CTGGCAC,-9.8,100
GCTGGCA,-10.9,100
TGCTGGC,-10.6,100
TTGCTGG,-9.3,2.7
GTTGCTG,-9.2,100
GGTTGCT,-9.1,2
GGGTTGC,-10.1,100
GGGGTTG,-10.5,100
TGGGGTT,-8.9,100
ATGGGGT,-8.7,2.7
AACCCAAG,-9.7,100
CAACCCAA,-10,100
CCAACCCA,-10.9,100
CCCAACCC,-12.3,100
TCCCAACC,-10.9,100
TTCCCAAC,-10,2.3
CTTCCCAA,-9.9,2.2
TCTTCCCA,-9.6,100
TTCTTCCC,-9.7,100
TTTCTTCC,-8.7,100
GTTTCTTC,-9.1,100
AGTTTCTT,-8.6,1.9
CAGTTTCT,-9,1.7
ACAGTTTC,-9.4,100
CACAGTTT,-9.6,100
CCACAGTT,-9.9,100
GCCACAGT,-11.9,1.2
TGCCACAG,-11.8,1.6
GTGCCACA,-11.6,0.9
AGTGCCAC,-11.4,1.2
AAGTGCCA,-10.1,100
GAAGTGCC,-10.9,100
CGAAGTGC,-11.6,1.9
CCGAAGTG,-11.3,1.5
ACCGAAGT,-10.6,0.9
CACCGAAG,-11.3,100
GCACCGAA,-11.4,100
GGCACCGA,-12.9,100
TGGCACCG,-12.7,1.3
CTGGCACC,-11.6,100
GCTGGCAC,-13.1,100
TGCTGGCA,-11.6,0.4
TTGCTGGC,-11.6,2.6
GTTGCTGG,-11.4,2.7
GGTTGCTG,-11.2,2
GGGTTGCT,-11.1,0.9
GGGGTTGC,-12.7,100
TGGGGTTG,-11.2,2.7
ATGGGGTT,-9.8,2.6
CAACCCAAG,-11.5,100
CCAACCCAA,-12,100
CCCAACCCA,-13.3,100
TCCCAACCC,-13,100
TTCCCAACC,-12,2.3
CTTCCCAAC,-12.4,2.2
TCTTCCCAA,-10.6,2.2
TTCTTCCCA,-10.7,100
TTTCTTCCC,-10.8,100
GTTTCTTCC,-11.1,100
AGTTTCTTC,-10.3,1.9
CAGTTTCTT,-10.4,1.6
ACAGTTTCT,-10.6,1.7
CACAGTTTC,-11.3,100
CCACAGTTT,-11.2,100
GCCACAGTT,-13.1,1.2
TGCCACAGT,-12.7,1.2
GTGCCACAG,-14.1,0.9
AGTGCCACA,-12.4,0.2
AAGTGCCAC,-12.4,1.2
GAAGTGCCA,-11.9,100
CGAAGTGCC,-13.7,1.9
CCGAAGTGC,-13.6,1.3
ACCGAAGTG,-12.9,0.5
CACCGAAGT,-12,0.7
GCACCGAAG,-14,100
GGCACCGAA,-14,100
TGGCACCGA,-13.6,1.3
CTGGCACCG,-14.3,1.3
GCTGGCACC,-14.9,100
TGCTGGCAC,-13.8,0.4
TTGCTGGCA,-12.6,0.4
GTTGCTGGC,-13.8,1.9
GGTTGCTGG,-13.4,2
GGGTTGCTG,-13.2,0.9
GGGGTTGCT,-13.7,0.7
TGGGGTTGC,-13.5,2.7
ATGGGGTTG,-12.1,2.6
CCAACCCAAG,-13.5,100
CCCAACCCAA,-14.4,100
TCCCAACCCA,-14,100
TTCCCAACCC,-14.1,2.3
CTTCCCAACC,-14.4,2.2
TCTTCCCAAC,-13,2.2
TTCTTCCCAA,-11.7,2.2
TTTCTTCCCA,-11.8,100
GTTTCTTCCC,-13.2,100
AGTTTCTTCC,-12.3,1.9
CAGTTTCTTC,-12,1.6
ACAGTTTCTT,-11.9,1.6
CACAGTTTCT,-12.4,1.7
CCACAGTTTC,-12.9,100
GCCACAGTTT,-14.5,1.2
TGCCACAGTT,-13.9,1.2
GTGCCACAGT,-14.9,0.9
AGTGCCACAG,-14.9,0.2
AAGTGCCACA,-13.4,0.2
GAAGTGCCAC,-14.2,1.2
CGAAGTGCCA,-14.7,1.9
CCGAAGTGCC,-15.7,1.3
ACCGAAGTGC,-15.1,0.5
CACCGAAGTG,-14.3,-0.8
GCACCGAAGT,-14.7,0.7
GGCACCGAAG,-16.6,100
TGGCACCGAA,-14.7,1.3
CTGGCACCGA,-15.2,1.3
GCTGGCACCG,-17.6,1.3
TGCTGGCACC,-15.6,0.4
TTGCTGGCAC,-14.8,0.4
GTTGCTGGCA,-14.7,0.4
GGTTGCTGGC,-15.8,1.3
GGGTTGCTGG,-15.4,0.9
GGGGTTGCTG,-15.8,0.7
TGGGGTTGCT,-14.5,0.7
ATGGGGTTGC,-14.3,2.6
CCCAACCCAAG,-15.9,100
TCCCAACCCAA,-15.1,100
TTCCCAACCCA,-15.1,2.3
CTTCCCAACCC,-16.5,2.2
TCTTCCCAACC,-15.1,2.2
TTCTTCCCAAC,-14.1,2.2
TTTCTTCCCAA,-12.8,2.2
GTTTCTTCCCA,-14.2,100
AGTTTCTTCCC,-14.4,1.9
CAGTTTCTTCC,-14.1,1.6
ACAGTTTCTTC,-13.6,1.6
CACAGTTTCTT,-13.7,1.6
CCACAGTTTCT,-14,1.7
GCCACAGTTTC,-16.2,1.2
TGCCACAGTTT,-15.2,1.2
GTGCCACAGTT,-16.1,0.9
AGTGCCACAGT,-15.7,0.2
AAGTGCCACAG,-15.9,0.2
GAAGTGCCACA,-15.2,0.2
CGAAGTGCCAC,-17,1.2
CCGAAGTGCCA,-16.7,1.3
ACCGAAGTGCC,-17.2,0.5
CACCGAAGTGC,-16.6,-1
GCACCGAAGTG,-17,-1.6
GGCACCGAAGT,-17.3,0.7
TGGCACCGAAG,-17.3,1.3
CTGGCACCGAA,-16.3,1.3
GCTGGCACCGA,-18.5,1.3
TGCTGGCACCG,-18.3,0.4
TTGCTGGCACC,-16.6,0.4
GTTGCTGGCAC,-17,0.4
GGTTGCTGGCA,-16.8,0.3
GGGTTGCTGGC,-17.8,0.9
GGGGTTGCTGG,-18.1,0.7
TGGGGTTGCTG,-16.6,0.7
ATGGGGTTGCT,-15.3,0.7
TCCCAACCCAAG,-16.6,100
TTCCCAACCCAA,-16.2,2.3
CTTCCCAACCCA,-17.4,2.2
TCTTCCCAACCC,-17.1,2.2
TTCTTCCCAACC,-16.1,2.2
TTTCTTCCCAAC,-15.2,2.2
GTTTCTTCCCAA,-15.2,2.2
AGTTTCTTCCCA,-15.4,1.9
CAGTTTCTTCCC,-16.1,1.6
ACAGTTTCTTCC,-15.6,1.6
CACAGTTTCTTC,-15.4,1.6
CCACAGTTTCTT,-15.4,1.6
GCCACAGTTTCT,-17.3,1.2
TGCCACAGTTTC,-16.9,1.2
GTGCCACAGTTT,-17.5,0.9
AGTGCCACAGTT,-16.9,0.2
AAGTGCCACAGT,-16.8,0.2
GAAGTGCCACAG,-17.7,0.2
CGAAGTGCCACA,-18,0.2
CCGAAGTGCCAC,-19,1.2
ACCGAAGTGCCA,-18.2,0.5
CACCGAAGTGCC,-18.7,-1
GCACCGAAGTGC,-19.2,-3.3
GGCACCGAAGTG,-19.6,-1.6
TGGCACCGAAGT,-18,0.7
CTGGCACCGAAG,-18.9,1.3
GCTGGCACCGAA,-19.6,1.3
TGCTGGCACCGA,-19.2,0.4
TTGCTGGCACCG,-19.3,0.4
GTTGCTGGCACC,-18.8,0.4
GGTTGCTGGCAC,-19,0.3
GGGTTGCTGGCA,-18.8,0.3
GGGGTTGCTGGC,-20.4,0.7
TGGGGTTGCTGG,-18.8,0.7
ATGGGGTTGCTG,-17.4,0.7
TTCCCAACCCAAG,-17.6,2.3
CTTCCCAACCCAA,-18.6,2.2
TCTTCCCAACCCA,-18.1,2.2
TTCTTCCCAACCC,-18.2,2.2
TTTCTTCCCAACC,-17.2,2.2
GTTTCTTCCCAAC,-17.6,1
AGTTTCTTCCCAA,-16.4,1.9
CAGTTTCTTCCCA,-17.1,1.6
ACAGTTTCTTCCC,-17.7,1.6
CACAGTTTCTTCC,-17.4,1.6
CCACAGTTTCTTC,-17.1,1.6
GCCACAGTTTCTT,-18.6,1.2
TGCCACAGTTTCT,-18,1.2
GTGCCACAGTTTC,-19.2,0.9
AGTGCCACAGTTT,-18.3,0.2
AAGTGCCACAGTT,-18,0.2
GAAGTGCCACAGT,-18.5,0.2
CGAAGTGCCACAG,-20.5,0.2
CCGAAGTGCCACA,-20,0.2
ACCGAAGTGCCAC,-20.5,0.5
CACCGAAGTGCCA,-19.7,-1
GCACCGAAGTGCC,-21.3,-3.6
GGCACCGAAGTGC,-21.9,-3.9
TGGCACCGAAGTG,-20.3,-1.6
CTGGCACCGAAGT,-19.6,0.7
GCTGGCACCGAAG,-22.2,1.2
TGCTGGCACCGAA,-20.3,0.4
TTGCTGGCACCGA,-20.2,0.4
GTTGCTGGCACCG,-21.4,0.4
GGTTGCTGGCACC,-20.8,0.1
GGGTTGCTGGCAC,-21,0.3
GGGGTTGCTGGCA,-21.4,0.3
TGGGGTTGCTGGC,-21.1,0.7
ATGGGGTTGCTGG,-19.6,0.7
CTTCCCAACCCAAG,-20,1.3
TCTTCCCAACCCAA,-19.3,2.2
TTCTTCCCAACCCA,-19.2,2.2
TTTCTTCCCAACCC,-19.3,2.2
GTTTCTTCCCAACC,-19.6,0.6
AGTTTCTTCCCAAC,-18.8,0.3
CAGTTTCTTCCCAA,-18.1,1.6
ACAGTTTCTTCCCA,-18.7,1.6
CACAGTTTCTTCCC,-19.5,1.6
CCACAGTTTCTTCC,-19.1,1.6
GCCACAGTTTCTTC,-20.3,1.2
TGCCACAGTTTCTT,-19.4,1.2
GTGCCACAGTTTCT,-20.3,0.9
AGTGCCACAGTTTC,-19.9,0.2
AAGTGCCACAGTTT,-19.3,0.1
GAAGTGCCACAGTT,-19.7,-0.3
CGAAGTGCCACAGT,-21.4,0.2
CCGAAGTGCCACAG,-22.5,0.2
ACCGAAGTGCCACA,-21.5,0.2
CACCGAAGTGCCAC,-22,-1
GCACCGAAGTGCCA,-22.3,-3.6
GGCACCGAAGTGCC,-24,-5.3
TGGCACCGAAGTGC,-22.6,-3.9
CTGGCACCGAAGTG,-21.9,-1.6
GCTGGCACCGAAGT,-22.9,0.7
TGCTGGCACCGAAG,-22.9,0.4
TTGCTGGCACCGAA,-21.3,0.4
GTTGCTGGCACCGA,-22.4,0.4
GGTTGCTGGCACCG,-23.4,0
GGGTTGCTGGCACC,-22.8,-0.5
GGGGTTGCTGGCAC,-23.6,0.3
TGGGGTTGCTGGCA,-22.1,0.3
ATGGGGTTGCTGGC,-22,0.7
TCTTCCCAACCCAAG,-20.7,0.6
TTCTTCCCAACCCAA,-20.3,2.2
TTTCTTCCCAACCCA,-20.3,2.2
GTTTCTTCCCAACCC,-21.7,0.6
AGTTTCTTCCCAACC,-20.8,-0.1
CAGTTTCTTCCCAAC,-20.6,0.3
ACAGTTTCTTCCCAA,-19.7,1.6
CACAGTTTCTTCCCA,-20.5,1.6
CCACAGTTTCTTCCC,-21.2,1.6
GCCACAGTTTCTTCC,-22.3,1.2
TGCCACAGTTTCTTC,-21.1,1.2
GTGCCACAGTTTCTT,-21.6,0.9
AGTGCCACAGTTTCT,-21.1,0.2
AAGTGCCACAGTTTC,-21,0.1
GAAGTGCCACAGTTT,-21.1,-0.5
CGAAGTGCCACAGTT,-22.6,-0.3
CCGAAGTGCCACAGT,-23.3,0.2
ACCGAAGTGCCACAG,-24,0.2
CACCGAAGTGCCACA,-23,-1
GCACCGAAGTGCCAC,-24.6,-3.6
GGCACCGAAGTGCCA,-24.9,-6.2
TGGCACCGAAGTGCC,-24.7,-6
CTGGCACCGAAGTGC,-24.2,-3.9
GCTGGCACCGAAGTG,-25.2,-1.6
TGCTGGCACCGAAGT,-23.6,0.4
TTGCTGGCACCGAAG,-23.9,0.4
GTTGCTGGCACCGAA,-23.5,0.4
GGTTGCTGGCACCGA,-24.4,0
GGGTTGCTGGCACCG,-25.4,-0.6
GGGGTTGCTGGCACC,-25.4,-0.5
TGGGGTTGCTGGCAC,-24.4,0.3
ATGGGGTTGCTGGCA,-23,0.3
TTCTTCCCAACCCAAG,-21.8,0.6
TTTCTTCCCAACCCAA,-21.4,2.2
GTTTCTTCCCAACCCA,-22.7,0.6
AGTTTCTTCCCAACCC,-22.9,-0.1
CAGTTTCTTCCCAACC,-22.6,-0.1
ACAGTTTCTTCCCAAC,-22.1,0.3
CACAGTTTCTTCCCAA,-21.5,1.6
CCACAGTTTCTTCCCA,-22.2,1.6
GCCACAGTTTCTTCCC,-24.4,1.2
TGCCACAGTTTCTTCC,-23.1,1.2
GTGCCACAGTTTCTTC,-23.3,0.9
AGTGCCACAGTTTCTT,-22.4,0.2
AAGTGCCACAGTTTCT,-22.1,0.1
GAAGTGCCACAGTTTC,-22.7,-0.5
CGAAGTGCCACAGTTT,-23.9,-0.5
CCGAAGTGCCACAGTT,-24.5,-0.3
ACCGAAGTGCCACAGT,-24.9,0.2
CACCGAAGTGCCACAG,-25.5,-1
GCACCGAAGTGCCACA,-25.6,-3.6
GGCACCGAAGTGCCAC,-27.3,-6.2
TGGCACCGAAGTGCCA,-25.7,-7
CTGGCACCGAAGTGCC,-26.3,-6
GCTGGCACCGAAGTGC,-27.4,-3.9
TGCTGGCACCGAAGTG,-25.9,-1.6
TTGCTGGCACCGAAGT,-24.6,0.4
GTTGCTGGCACCGAAG,-26,0.4
GGTTGCTGGCACCGAA,-25.5,0
GGGTTGCTGGCACCGA,-26.4,-0.6
GGGGTTGCTGGCACCG,-28.1,-0.6
TGGGGTTGCTGGCACC,-26.2,-1.1
ATGGGGTTGCTGGCAC,-25.2,0.3
TTTCTTCCCAACCCAAG,-22.9,0.6
GTTTCTTCCCAACCCAA,-23.9,0.6
AGTTTCTTCCCAACCCA,-23.9,-0.1
CAGTTTCTTCCCAACCC,-24.7,-0.1
ACAGTTTCTTCCCAACC,-24.1,-0.1
CACAGTTTCTTCCCAAC,-23.9,0.3
CCACAGTTTCTTCCCAA,-23.2,1.6
GCCACAGTTTCTTCCCA,-25.4,1.2
TGCCACAGTTTCTTCCC,-25.2,1.2
GTGCCACAGTTTCTTCC,-25.3,0.9
AGTGCCACAGTTTCTTC,-24.1,0.2
AAGTGCCACAGTTTCTT,-23.5,0.1
GAAGTGCCACAGTTTCT,-23.9,-0.5
CGAAGTGCCACAGTTTC,-25.6,-0.5
CCGAAGTGCCACAGTTT,-25.9,-0.5
ACCGAAGTGCCACAGTT,-26,-0.3
CACCGAAGTGCCACAGT,-26.3,-1
GCACCGAAGTGCCACAG,-28.1,-3.6
GGCACCGAAGTGCCACA,-28.2,-6.2
TGGCACCGAAGTGCCAC,-28,-7
CTGGCACCGAAGTGCCA,-27.3,-7
GCTGGCACCGAAGTGCC,-29.5,-6
TGCTGGCACCGAAGTGC,-28.2,-3.9
TTGCTGGCACCGAAGTG,-26.9,-1.6
GTTGCTGGCACCGAAGT,-26.8,0.4
GGTTGCTGGCACCGAAG,-28,0
GGGTTGCTGGCACCGAA,-27.5,-0.6
GGGGTTGCTGGCACCGA,-29,-0.6
TGGGGTTGCTGGCACCG,-28.8,-1.2
ATGGGGTTGCTGGCACC,-27,-1.1
GTTTCTTCCCAACCCAAG,-25.3,0.6
AGTTTCTTCCCAACCCAA,-25,-0.1
CAGTTTCTTCCCAACCCA,-25.6,-0.1
ACAGTTTCTTCCCAACCC,-26.2,-0.1
CACAGTTTCTTCCCAACC,-25.9,-0.1
CCACAGTTTCTTCCCAAC,-25.6,0.3
GCCACAGTTTCTTCCCAA,-26.4,1.2
TGCCACAGTTTCTTCCCA,-26.2,1.2
GTGCCACAGTTTCTTCCC,-27.4,0.9
AGTGCCACAGTTTCTTCC,-26.1,0.2
AAGTGCCACAGTTTCTTC,-25.2,0.1
GAAGTGCCACAGTTTCTT,-25.2,-0.5
CGAAGTGCCACAGTTTCT,-26.7,-0.5
CCGAAGTGCCACAGTTTC,-27.6,-0.5
ACCGAAGTGCCACAGTTT,-27.4,-0.5
CACCGAAGTGCCACAGTT,-27.5,-1
GCACCGAAGTGCCACAGT,-29,-3.6
GGCACCGAAGTGCCACAG,-30.8,-6.2
TGGCACCGAAGTGCCACA,-29,-7
CTGGCACCGAAGTGCCAC,-29.6,-7
GCTGGCACCGAAGTGCCA,-30.5,-7
TGCTGGCACCGAAGTGCC,-30.3,-6
TTGCTGGCACCGAAGTGC,-29.2,-3.9
GTTGCTGGCACCGAAGTG,-29.1,-1.6
GGTTGCTGGCACCGAAGT,-28.8,0
GGGTTGCTGGCACCGAAG,-30.1,-0.6
GGGGTTGCTGGCACCGAA,-30.1,-0.6
TGGGGTTGCTGGCACCGA,-29.7,-1.2
ATGGGGTTGCTGGCACCG,-29.7,-1.2
AGTTTCTTCCCAACCCAAG,-26.5,-0.1
CAGTTTCTTCCCAACCCAA,-26.8,-0.1
ACAGTTTCTTCCCAACCCA,-27.2,-0.1
CACAGTTTCTTCCCAACCC,-28,-0.1
CCACAGTTTCTTCCCAACC,-27.6,-0.1
GCCACAGTTTCTTCCCAAC,-28.8,0.3
TGCCACAGTTTCTTCCCAA,-27.1,1.2
GTGCCACAGTTTCTTCCCA,-28.4,0.9
AGTGCCACAGTTTCTTCCC,-28.2,0.2
AAGTGCCACAGTTTCTTCC,-27.2,0.1
GAAGTGCCACAGTTTCTTC,-26.9,-1
CGAAGTGCCACAGTTTCTT,-28.1,-0.5
CCGAAGTGCCACAGTTTCT,-28.7,-0.5
ACCGAAGTGCCACAGTTTC,-29.1,-0.5
CACCGAAGTGCCACAGTTT,-28.9,-1
GCACCGAAGTGCCACAGTT,-30.2,-3.6
GGCACCGAAGTGCCACAGT,-31.6,-6.2
TGGCACCGAAGTGCCACAG,-31.5,-7
CTGGCACCGAAGTGCCACA,-30.6,-7
GCTGGCACCGAAGTGCCAC,-32.8,-7
TGCTGGCACCGAAGTGCCA,-31.3,-7
TTGCTGGCACCGAAGTGCC,-31.3,-6
GTTGCTGGCACCGAAGTGC,-31.3,-3.9
GGTTGCTGGCACCGAAGTG,-31.1,-1.6
GGGTTGCTGGCACCGAAGT,-30.8,-0.6
GGGGTTGCTGGCACCGAAG,-32.7,-0.6
TGGGGTTGCTGGCACCGAA,-30.8,-1.2
ATGGGGTTGCTGGCACCGA,-30.6,-1.2
CAGTTTCTTCCCAACCCAAG,-28.2,-0.1
ACAGTTTCTTCCCAACCCAA,-28.3,-0.1
CACAGTTTCTTCCCAACCCA,-29,-0.1
CCACAGTTTCTTCCCAACCC,-29.7,-0.1
GCCACAGTTTCTTCCCAACC,-30.8,-0.1
TGCCACAGTTTCTTCCCAAC,-29.6,0.3
GTGCCACAGTTTCTTCCCAA,-29.4,0.9
AGTGCCACAGTTTCTTCCCA,-29.2,0.2
AAGTGCCACAGTTTCTTCCC,-29.3,0.1
GAAGTGCCACAGTTTCTTCC,-28.9,-1.4
CGAAGTGCCACAGTTTCTTC,-29.8,-1.5
CCGAAGTGCCACAGTTTCTT,-30,-0.5
ACCGAAGTGCCACAGTTTCT,-30.2,-0.5
CACCGAAGTGCCACAGTTTC,-30.6,-1
GCACCGAAGTGCCACAGTTT,-31.5,-3.6
GGCACCGAAGTGCCACAGTT,-32.8,-6.2
TGGCACCGAAGTGCCACAGT,-32.3,-7
CTGGCACCGAAGTGCCACAG,-33.1,-7
GCTGGCACCGAAGTGCCACA,-33.8,-7
TGCTGGCACCGAAGTGCCAC,-33.6,-7
TTGCTGGCACCGAAGTGCCA,-32.3,-7
GTTGCTGGCACCGAAGTGCC,-33.4,-6
GGTTGCTGGCACCGAAGTGC,-33.3,-3.9
GGGTTGCTGGCACCGAAGTG,-33.1,-1.6
GGGGTTGCTGGCACCGAAGT,-33.4,-0.6
TGGGGTTGCTGGCACCGAAG,-33.4,-1.2
ATGGGGTTGCTGGCACCGAA,-31.7,-1.2
TCCCAACCCAAA,-15.2,100
TCCCAACCCATG,-14,0.1
TCCCAACCCTAG,-13.7,100
TCCCAACCAAAG,-11.9,100
TCCCAACACAAG,-12.9,100
TCCCAAACCAAG,-13.1,100
TCCCATCCCAAG,-12.7,100
TCCCTACCCAAG,-13.2,0.4
TCCAAACCCAAG,-11.9,100
TCACAACCCAAG,-12.9,100
TACCAACCCAAG,-14.6,100
ACCCAACCCAAG,-17,100
TTCCCAACCCAT,-15.1,2.3
TTCCCAACCCTA,-14.7,2.3
TTCCCAACCAAA,-13,2.3
TTCCCAACACAA,-12.5,2.3
TTCCCAAACCAA,-12.8,1.7
TTCCCATCCCAA,-12.3,2.9
TTCCCTACCCAA,-12.9,2.9
TTCCAAACCCAA,-11.6,2.3
TTCACAACCCAA,-12.5,2.3
TTACCAACCCAA,-13.2,2.3
TACCCAACCCAA,-15.6,100
ATCCCAACCCAA,-15.5,100
CTTCCCAACCCT,-17.1,2.2
CTTCCCAACCAA,-15.4,2.2
CTTCCCAACACA,-13.8,2.2
CTTCCCAAACCA,-14,1.6
CTTCCCATCCCA,-13.6,100
CTTCCCTACCCA,-14.1,100
CTTCCAAACCCA,-12.8,2.2
CTTCACAACCCA,-13.8,2.2
CTTACCAACCCA,-13.9,2.2
CTACCCAACCCA,-14.4,100
CATCCCAACCCA,-14.4,100
ATTCCCAACCCA,-15.6,1.8
TCTTCCCAACCA,-16,2.2
TCTTCCCAACAC,-14,2.2
TCTTCCCAAACC,-13.7,1.6
TCTTCCCATCCC,-13.3,100
TCTTCCCTACCC,-13.8,100
TCTTCCAAACCC,-12.5,2.2
TCTTCACAACCC,-13.5,2.2
TCTTACCAACCC,-13.6,2.2
TCTACCCAACCC,-13.4,100
TCATCCCAACCC,-13.4,100
TATTCCCAACCC,-14.6,1.8
ACTTCCCAACCC,-17.6,2.2
TTCTTCCCAACA,-15.1,2.2
TTCTTCCCAAAC,-11.8,1.6
TTCTTCCCATCC,-12.2,100
TTCTTCCCTACC,-12.8,100
TTCTTCCAAACC,-11.5,1.8
TTCTTCACAACC,-12.4,2.2
TTCTTACCAACC,-12.5,2.2
TTCTACCCAACC,-12.4,2.6
TTCATCCCAACC,-12.3,2.6
TTATTCCCAACC,-12.6,1.8
TACTTCCCAACC,-15.5,2.2
ATCTTCCCAACC,-15.5,2.2
TTTCTTCCCAAA,-12.9,1.4
TTTCTTCCCATC,-11.8,100
TTTCTTCCCTAC,-11.9,100
TTTCTTCCAAAC,-10.6,0.7
TTTCTTCACAAC,-11.5,2.2
TTTCTTACCAAC,-11.6,2.2
TTTCTACCCAAC,-11.5,2.5
TTTCATCCCAAC,-11.4,2.5
TTTATTCCCAAC,-11.7,1.8
TTACTTCCCAAC,-13.5,2.2
TATCTTCCCAAC,-13.5,2.2
ATTCTTCCCAAC,-14.7,2
GTTTCTTCCCAT,-14.2,3.7
GTTTCTTCCCTA,-13.9,100
GTTTCTTCCAAA,-12.1,0.7
GTTTCTTCACAA,-11.5,0.9
GTTTCTTACCAA,-11.6,0.8
GTTTCTACCCAA,-11.5,1
GTTTCATCCCAA,-11.4,2.5
GTTTATTCCCAA,-11.7,1.8
GTTACTTCCCAA,-11.5,2.2
GTATCTTCCCAA,-11.2,2.2
GATTCTTCCCAA,-12.2,1
ATTTCTTCCCAA,-13.3,2.2
AGTTTCTTCCCT,-15.1,1.9
AGTTTCTTCCAA,-13.3,1.8
AGTTTCTTCACA,-11.7,0.2
AGTTTCTTACCA,-11.8,0.1
AGTTTCTACCCA,-11.7,0.3
AGTTTCATCCCA,-11.6,2.5
AGTTTATTCCCA,-11.9,2.7
AGTTACTTCCCA,-11.7,1.9
AGTATCTTCCCA,-11.4,1.9
AGATTCTTCCCA,-11.7,0.4
AATTTCTTCCCA,-12.3,1.9
TGTTTCTTCCCA,-15,1.7
CAGTTTCTTCCA,-15,1.6
CAGTTTCTTCAC,-13,1.2
CAGTTTCTTACC,-12.6,0.1
CAGTTTCTACCC,-12.4,0.3
CAGTTTCATCCC,-12.3,2.5
CAGTTTATTCCC,-12.6,2.7
CAGTTACTTCCC,-12.4,1.6
CAGTATCTTCCC,-12.1,1.6
CAGATTCTTCCC,-12.5,0.4
CAATTTCTTCCC,-11.3,1.6
CTGTTTCTTCCC,-14,100
AAGTTTCTTCCC,-14.8,0.8
ACAGTTTCTTCA,-14.6,1.6
ACAGTTTCTTAC,-12.4,0.5
ACAGTTTCTACC,-11.9,0.3
ACAGTTTCATCC,-11.8,2.5
ACAGTTTATTCC,-12.1,2.7
ACAGTTACTTCC,-11.9,1.6
ACAGTATCTTCC,-11.6,1.6
ACAGATTCTTCC,-11.9,0.4
ACAATTTCTTCC,-10.5,1.6
ACTGTTTCTTCC,-13,100
AAAGTTTCTTCC,-12.8,0.4
TCAGTTTCTTCC,-14.7,1.6
CACAGTTTCTTA,-14.2,1.6
CACAGTTTCTAC,-12.8,0.7
CACAGTTTCATC,-12.2,2.5
CACAGTTTATTC,-11.9,2.7
CACAGTTACTTC,-11.7,1.6
CACAGTATCTTC,-11.4,1.6
CACAGATTCTTC,-11.7,0.7
CACAATTTCTTC,-10.3,1.6
CACTGTTTCTTC,-12.8,100
CAAAGTTTCTTC,-11,0.4
CTCAGTTTCTTC,-12.7,1.6
AACAGTTTCTTC,-14,1.6
CCACAGTTTCTA,-14.5,1.2
CCACAGTTTCAT,-13.9,2.6
CCACAGTTTATT,-11.9,2.7
CCACAGTTACTT,-11.7,1.6
CCACAGTATCTT,-11.4,1.6
CCACAGATTCTT,-11.7,1.6
CCACAATTTCTT,-10.3,1.6
CCACTGTTTCTT,-12.8,100
CCAAAGTTTCTT,-11,0.4
CCTCAGTTTCTT,-11.9,1.6
CAACAGTTTCTT,-12.4,1.6
ACACAGTTTCTT,-14.9,1.6
GCCACAGTTTCA,-17.2,1.2
GCCACAGTTTAT,-14.9,1.2
GCCACAGTTACT,-13.6,1.2
GCCACAGTATCT,-13.3,1.2
GCCACAGATTCT,-13.6,1.7
GCCACAATTTCT,-12.2,100
GCCACTGTTTCT,-14.6,1.3
GCCAAAGTTTCT,-12.9,1.2
GCCTCAGTTTCT,-13.8,1.2
GCAACAGTTTCT,-12.7,1.6
GACACAGTTTCT,-13.5,1.1
ACCACAGTTTCT,-15.2,0.9
TGCCACAGTTTA,-15.7,1.2
TGCCACAGTTAC,-14.3,1.2
TGCCACAGTATC,-13.1,1.2
TGCCACAGATTC,-13.3,1.6
TGCCACAATTTC,-11.8,1.6
TGCCACTGTTTC,-14.3,1.3
TGCCAAAGTTTC,-12.5,1.2
TGCCTCAGTTTC,-13.4,1.2
TGCAACAGTTTC,-12.3,1.6
TGACACAGTTTC,-13.1,1.1
TACCACAGTTTC,-14.1,-0.1
AGCCACAGTTTC,-16.8,1.2
GTGCCACAGTTA,-16.6,0.9
GTGCCACAGTAT,-15.4,0.9
GTGCCACAGATT,-15,0.9
GTGCCACAATTT,-12.3,0.9
GTGCCACTGTTT,-14.8,1.2
GTGCCAAAGTTT,-13.1,1.2
GTGCCTCAGTTT,-14,1.2
GTGCAACAGTTT,-12.8,-0.1
GTGACACAGTTT,-13.6,0.9
GTACCACAGTTT,-12.4,-0.1
GAGCCACAGTTT,-15.1,1.2
ATGCCACAGTTT,-15.6,1.2
AGTGCCACAGTA,-16.2,0.2
AGTGCCACAGAT,-15.8,0.2
AGTGCCACAATT,-12.4,0.2
AGTGCCACTGTT,-14.3,0
AGTGCCAAAGTT,-12.5,1.2
AGTGCCTCAGTT,-13.4,1.2
AGTGCAACAGTT,-12.3,-0.8
AGTGACACAGTT,-13,0.2
AGTACCACAGTT,-11.2,-0.1
AGAGCCACAGTT,-13.8,1.2
AATGCCACAGTT,-14.2,1.2
TGTGCCACAGTT,-16.8,0.1
AAGTGCCACAGA,-16.9,0.2
AAGTGCCACAAT,-13.5,0.2
AAGTGCCACTGT,-14.1,-0.4
AAGTGCCAAAGT,-12.4,1.2
AAGTGCCTCAGT,-13.3,1.2
AAGTGCAACAGT,-12.1,-0.8
AAGTGACACAGT,-12.9,0.2
AAGTACCACAGT,-11.1,0.1
AAGAGCCACAGT,-12.9,1.2
AAATGCCACAGT,-13,1.2
ATGTGCCACAGT,-15.6,-0.4
TAGTGCCACAGT,-16.6,0.2
GAAGTGCCACAA,-15.2,0.2
GAAGTGCCACTG,-14.8,-0.4
GAAGTGCCAAAG,-13.3,100
GAAGTGCCTCAG,-14.2,1
GAAGTGCAACAG,-13,-0.8
GAAGTGACACAG,-13.8,0.2
GAAGTACCACAG,-12,0.2
GAAGAGCCACAG,-13.8,100
GAAATGCCACAG,-12.6,1.2
GATGTGCCACAG,-14.8,-0.4
GTAGTGCCACAG,-15.8,0.2
AAAGTGCCACAG,-16.4,0.2
CGAAGTGCCACT,-17.7,0.1
CGAAGTGCCAAA,-14.7,1.9
CGAAGTGCCTCA,-14.5,0.6
CGAAGTGCAACA,-13.4,-0.8
CGAAGTGACACA,-14.2,0.2
CGAAGTACCACA,-12.3,0.2
CGAAGAGCCACA,-14.2,100
CGAAATGCCACA,-12.9,1.3
CGATGTGCCACA,-15,-0.2
CGTAGTGCCACA,-14.2,0.2
CAAAGTGCCACA,-13.9,0.2
AGAAGTGCCACA,-15.8,0.2
CCGAAGTGCCAA,-16.7,1.3
CCGAAGTGCCTC,-16.4,1.3
CCGAAGTGCAAC,-14.6,0.2
CCGAAGTGACAC,-15.1,0.5
CCGAAGTACCAC,-13.3,1.2
CCGAAGAGCCAC,-15.1,100
CCGAAATGCCAC,-13.9,1.3
CCGATGTGCCAC,-15.9,1.1
CCGTAGTGCCAC,-15.1,1.2
CCAAAGTGCCAC,-12.9,1
CAGAAGTGCCAC,-14.8,1.1
ACGAAGTGCCAC,-18.2,-0.7
ACCGAAGTGCCT,-17.9,0.5
ACCGAAGTGCAA,-16.1,0.5
ACCGAAGTGACA,-14.4,0.5
ACCGAAGTACCA,-12.5,0.5
ACCGAAGAGCCA,-14.3,100
ACCGAAATGCCA,-13.1,1.3
ACCGATGTGCCA,-15.2,0.6
ACCGTAGTGCCA,-14.4,0.5
ACCAAAGTGCCA,-11.8,0.5
ACAGAAGTGCCA,-13.7,-0.1
AACGAAGTGCCA,-15.9,-1.1
TCCGAAGTGCCA,-17.3,1.3
CACCGAAGTGCA,-17.6,-1
CACCGAAGTGAC,-15.3,-1.7
CACCGAAGTACC,-13,0.2
CACCGAAGAGCC,-14.8,100
CACCGAAATGCC,-13.6,1.3
CACCGATGTGCC,-15.7,-0.9
CACCGTAGTGCC,-14.9,-1
CACCAAAGTGCC,-12.3,-1
CACAGAAGTGCC,-14.2,-1.2
CAACGAAGTGCC,-15.3,-1.1
CTCCGAAGTGCC,-16.4,0.8
AACCGAAGTGCC,-17.7,0
GCACCGAAGTGA,-17.9,-2.6
GCACCGAAGTAC,-15.1,0.2
GCACCGAAGAGC,-15.4,0.6
GCACCGAAATGC,-14.1,-0.9
GCACCGATGTGC,-16.2,-3.2
GCACCGTAGTGC,-15.4,-3.3
GCACCAAAGTGC,-12.8,-3.3
GCACAGAAGTGC,-14.7,-3.5
GCAACGAAGTGC,-15.8,-1.1
GCTCCGAAGTGC,-15.8,0
GAACCGAAGTGC,-15.6,0
ACACCGAAGTGC,-17.7,-2.1
GGCACCGAAGTA,-17.8,0.2
GGCACCGAAGAG,-17.5,100
GGCACCGAAATG,-14.5,0.7
GGCACCGATGTG,-16.6,-1.6
GGCACCGTAGTG,-15.8,-1.6
GGCACCAAAGTG,-13.2,-1.6
GGCACAGAAGTG,-15.1,-1.9
GGCAACGAAGTG,-16.2,-1.1
GGCTCCGAAGTG,-16.1,0
GGAACCGAAGTG,-14.8,0
GACACCGAAGTG,-15.5,-1.9
AGCACCGAAGTG,-17.6,-1.6
TGGCACCGAAGA,-18.3,1.3
TGGCACCGAAAT,-14.8,1.3
TGGCACCGATGT,-15,-0.3
TGGCACCGTAGT,-14.2,0.7
TGGCACCAAAGT,-11.6,0.4
TGGCACAGAAGT,-13.5,-0.4
TGGCAACGAAGT,-14.6,-0.6
TGGCTCCGAAGT,-14.6,0
TGGAACCGAAGT,-13.2,0.5
TGACACCGAAGT,-13.2,0.7
TAGCACCGAAGT,-15.3,0.7
AGGCACCGAAGT,-18,0.7
CTGGCACCGAAA,-16.4,1.3
CTGGCACCGATG,-15.2,0.2
CTGGCACCGTAG,-15.1,1.3
CTGGCACCAAAG,-12.6,0.4
CTGGCACAGAAG,-14.4,-2.7
CTGGCAACGAAG,-15.5,-0.2
CTGGCTCCGAAG,-15.4,0.5
CTGGAACCGAAG,-14.1,1.3
CTGACACCGAAG,-12.9,1.7
CTAGCACCGAAG,-14.6,2
CAGGCACCGAAG,-17.2,100
ATGGCACCGAAG,-17.8,1.3
GCTGGCACCGAT,-18.5,1.3
GCTGGCACCGTA,-18,1.3
GCTGGCACCAAA,-15.9,0.4
GCTGGCACAGAA,-15.1,-3.5
GCTGGCAACGAA,-16.2,-0.2
GCTGGCTCCGAA,-16.1,1.3
GCTGGAACCGAA,-14.8,1.3
GCTGACACCGAA,-13.6,1.7
GCTAGCACCGAA,-14,100
GCAGGCACCGAA,-15.6,100
GATGGCACCGAA,-15.2,1.3
ACTGGCACCGAA,-17.5,1.3
TGCTGGCACCGT,-18.8,0.4
TGCTGGCACCAA,-16.6,0.4
TGCTGGCACAGA,-14.8,-3.5
TGCTGGCAACGA,-15.8,-0.2
TGCTGGCTCCGA,-15.8,1.3
TGCTGGAACCGA,-14.4,1.3
TGCTGACACCGA,-13.2,0.6
TGCTAGCACCGA,-13.6,0.4
TGCAGGCACCGA,-15.2,0.4
TGATGGCACCGA,-15.4,0.7
TACTGGCACCGA,-16.4,1.3
AGCTGGCACCGA,-19.1,1.3
TTGCTGGCACCA,-17.6,0.4
TTGCTGGCACAG,-15.8,-2.6
TTGCTGGCAACG,-15.9,-0.6
TTGCTGGCTCCG,-15.8,1.3
TTGCTGGAACCG,-14.5,1.3
TTGCTGACACCG,-13.3,0.6
TTGCTAGCACCG,-13.7,0.4
TTGCAGGCACCG,-15.3,0.4
TTGATGGCACCG,-15.5,0.7
TTACTGGCACCG,-15.4,1.3
TAGCTGGCACCG,-18.2,1.3
ATGCTGGCACCG,-18.8,0.1
GTTGCTGGCACA,-17.9,-0.4
GTTGCTGGCAAC,-14.7,-2.4
GTTGCTGGCTCC,-15.3,1.3
GTTGCTGGAACC,-13.9,-0.5
GTTGCTGACACC,-12.8,-0.2
GTTGCTAGCACC,-13.2,0.4
GTTGCAGGCACC,-14.8,0.4
GTTGATGGCACC,-15,0.7
GTTACTGGCACC,-13.1,1
GTAGCTGGCACC,-15.6,1
GATGCTGGCACC,-16.1,0.1
ATTGCTGGCACC,-17.2,0.4
GGTTGCTGGCAA,-16.8,-0.6
GGTTGCTGGCTC,-16.4,0.6
GGTTGCTGGAAC,-14.3,-0.8
GGTTGCTGACAC,-13,-0.8
GGTTGCTAGCAC,-13.4,0.3
GGTTGCAGGCAC,-15,0.3
GGTTGATGGCAC,-15.2,0.3
GGTTACTGGCAC,-13.3,0.3
GGTAGCTGGCAC,-14.8,0.4
GGATGCTGGCAC,-15.3,0.1
GATTGCTGGCAC,-15.4,0.4
AGTTGCTGGCAC,-17.6,0.3
GGGTTGCTGGCT,-18.4,0.6
GGGTTGCTGGAA,-16.4,0.9
GGGTTGCTGACA,-14.1,-0.8
GGGTTGCTAGCA,-13.2,0.3
GGGTTGCAGGCA,-14.7,0.3
GGGTTGATGGCA,-15,0.3
GGGTTACTGGCA,-13.1,0.3
GGGTAGCTGGCA,-14.5,0.4
GGGATGCTGGCA,-15.1,0.1
GGATTGCTGGCA,-14.1,0.4
GAGTTGCTGGCA,-15.4,0.3
AGGTTGCTGGCA,-17.4,0.3
GGGGTTGCTGGA,-19,0.7
GGGGTTGCTGAC,-16.8,0.2
GGGGTTGCTAGC,-14.8,0.7
GGGGTTGCAGGC,-16.4,1.3
GGGGTTGATGGC,-16.6,1.3
GGGGTTACTGGC,-14.7,0.7
GGGGTAGCTGGC,-16.2,0.7
GGGGATGCTGGC,-16.7,0.7
GGGATTGCTGGC,-14.7,0.7
GGAGTTGCTGGC,-14.5,0.9
GAGGTTGCTGGC,-16.4,-0.2
AGGGTTGCTGGC,-18.4,0.2
TGGGGTTGCTGA,-17.5,0.7
TGGGGTTGCTAG,-14.9,0.7
TGGGGTTGCAGG,-14.8,1
TGGGGTTGATGG,-15,2.7
TGGGGTTACTGG,-13.1,0.7
TGGGGTAGCTGG,-14.6,0.7
TGGGGATGCTGG,-15.1,0.7
TGGGATTGCTGG,-13.1,0.7
TGGAGTTGCTGG,-12.9,0.9
TGAGGTTGCTGG,-14.1,-0.2
TAGGGTTGCTGG,-16.1,-0.7
AGGGGTTGCTGG,-18.7,0.7
ATGGGGTTGCTA,-15.8,0.7
ATGGGGTTGCAG,-15.3,0.5
ATGGGGTTGATG,-13.6,2.3
ATGGGGTTACTG,-11.7,0.7
ATGGGGTAGCTG,-13.2,0.7
ATGGGGATGCTG,-13.8,0.7
ATGGGATTGCTG,-11.7,0.7
ATGGAGTTGCTG,-11.5,0.9
ATGAGGTTGCTG,-11.9,-0.2
ATAGGGTTGCTG,-13.9,-0.7
AAGGGGTTGCTG,-16.5,0.4
TTGGGGTTGCTG,-16.6,0.7
TCTTCCCAACCCAAA,-19.4,2.2
TCTTCCCAACCCATG,-18.1,0.1
TCTTCCCAACCCTAG,-17.8,1.6
TCTTCCCAACCAAAG,-16.1,0.2
TCTTCCCAACACAAG,-17,0.6
TCTTCCCAAACCAAG,-17.3,0.6
TCTTCCCATCCCAAG,-16.8,0.6
TCTTCCCTACCCAAG,-17.4,0.4
TCTTCCAAACCCAAG,-16.1,0.6
TCTTCACAACCCAAG,-17,0.6
TCTTACCAACCCAAG,-17.1,0.3
TCTACCCAACCCAAG,-17,1.3
TCATCCCAACCCAAG,-17,100
TATTCCCAACCCAAG,-18.2,1.8
ACTTCCCAACCCAAG,-21.2,0.1
TTCTTCCCAACCCAT,-19.2,2.2
TTCTTCCCAACCCTA,-18.9,2.2
TTCTTCCCAACCAAA,-17.1,2.2
TTCTTCCCAACACAA,-16.6,2.2
TTCTTCCCAAACCAA,-16.9,1.6
TTCTTCCCATCCCAA,-16.4,2.7
TTCTTCCCTACCCAA,-17,2.7
TTCTTCCAAACCCAA,-15.7,1.8
TTCTTCACAACCCAA,-16.6,2.2
TTCTTACCAACCCAA,-16.7,2.2
TTCTACCCAACCCAA,-16.6,2.6
TTCATCCCAACCCAA,-16.5,2.6
TTATTCCCAACCCAA,-16.8,1.8
TACTTCCCAACCCAA,-19.7,2.2
ATCTTCCCAACCCAA,-19.7,2.2
TTTCTTCCCAACCCT,-20,2.2
TTTCTTCCCAACCAA,-18.2,2.2
TTTCTTCCCAACACA,-16.6,2.2
TTTCTTCCCAAACCA,-16.9,1.4
TTTCTTCCCATCCCA,-16.4,100
TTTCTTCCCTACCCA,-16.9,100
TTTCTTCCAAACCCA,-15.7,0.7
TTTCTTCACAACCCA,-16.6,2.2
TTTCTTACCAACCCA,-16.7,2.2
TTTCTACCCAACCCA,-16.6,2.5
TTTCATCCCAACCCA,-16.5,2.5
TTTATTCCCAACCCA,-16.8,1.8
TTACTTCCCAACCCA,-18.6,2.2
TATCTTCCCAACCCA,-18.5,2.2
ATTCTTCCCAACCCA,-19.7,2
GTTTCTTCCCAACCA,-20.6,0.6
GTTTCTTCCCAACAC,-18.6,0
GTTTCTTCCCAAACC,-18.3,-0.8
GTTTCTTCCCATCCC,-17.9,3.5
GTTTCTTCCCTACCC,-18.4,1.8
GTTTCTTCCAAACCC,-17.1,-1.4
GTTTCTTCACAACCC,-18.1,0.6
GTTTCTTACCAACCC,-18.1,0.6
GTTTCTACCCAACCC,-18,0.6
GTTTCATCCCAACCC,-17.9,0.6
GTTTATTCCCAACCC,-18.2,0.6
GTTACTTCCCAACCC,-18,0.4
GTATCTTCCCAACCC,-17.7,1.4
GATTCTTCCCAACCC,-18.8,1
ATTTCTTCCCAACCC,-19.9,2.2
AGTTTCTTCCCAACA,-19.8,-0.7
AGTTTCTTCCCAAAC,-16.5,-1.1
AGTTTCTTCCCATCC,-16.9,1.9
AGTTTCTTCCCTACC,-17.5,1.1
AGTTTCTTCCAAACC,-16.2,-2.1
AGTTTCTTCACAACC,-17.1,-0.1
AGTTTCTTACCAACC,-17.2,-0.1
AGTTTCTACCCAACC,-17.1,-0.1
AGTTTCATCCCAACC,-17,-0.1
AGTTTATTCCCAACC,-17.3,-0.1
AGTTACTTCCCAACC,-17.1,-0.2
AGTATCTTCCCAACC,-16.8,0.8
AGATTCTTCCCAACC,-17.2,0.4
AATTTCTTCCCAACC,-17.8,1.9
TGTTTCTTCCCAACC,-20.4,-0.2
CAGTTTCTTCCCAAA,-18.2,1.4
CAGTTTCTTCCCATC,-17.1,1.6
CAGTTTCTTCCCTAC,-17.2,1.3
CAGTTTCTTCCAAAC,-15.9,-1.7
CAGTTTCTTCACAAC,-16.9,0.2
CAGTTTCTTACCAAC,-17,0.1
CAGTTTCTACCCAAC,-16.8,0.3
CAGTTTCATCCCAAC,-16.7,0.3
CAGTTTATTCCCAAC,-17,0.3
CAGTTACTTCCCAAC,-16.8,0.1
CAGTATCTTCCCAAC,-16.5,1.1
CAGATTCTTCCCAAC,-16.9,0.4
CAATTTCTTCCCAAC,-15.8,1.6
CTGTTTCTTCCCAAC,-18.4,0.2
AAGTTTCTTCCCAAC,-19.3,0.3
ACAGTTTCTTCCCAT,-18.7,1.6
ACAGTTTCTTCCCTA,-18.4,1.3
ACAGTTTCTTCCAAA,-16.6,0.7
ACAGTTTCTTCACAA,-16,0.2
ACAGTTTCTTACCAA,-16.1,0.1
ACAGTTTCTACCCAA,-15.9,0.3
ACAGTTTCATCCCAA,-15.9,2.5
ACAGTTTATTCCCAA,-16.1,1.8
ACAGTTACTTCCCAA,-15.9,1.6
ACAGTATCTTCCCAA,-15.7,1.6
ACAGATTCTTCCCAA,-16,0.4
ACAATTTCTTCCCAA,-14.5,1.6
ACTGTTTCTTCCCAA,-17,1.7
AAAGTTTCTTCCCAA,-16.8,0.4
TCAGTTTCTTCCCAA,-18.8,1.6
CACAGTTTCTTCCCT,-20.2,1.6
CACAGTTTCTTCCAA,-18.4,1.6
CACAGTTTCTTCACA,-16.8,0.2
CACAGTTTCTTACCA,-16.9,0.1
CACAGTTTCTACCCA,-16.8,0.3
CACAGTTTCATCCCA,-16.7,2.5
CACAGTTTATTCCCA,-17,2.7
CACAGTTACTTCCCA,-16.8,1.6
CACAGTATCTTCCCA,-16.5,1.6
CACAGATTCTTCCCA,-16.8,0.4
CACAATTTCTTCCCA,-15.4,1.6
CACTGTTTCTTCCCA,-17.9,1.7
CAAAGTTTCTTCCCA,-16.1,0.4
CTCAGTTTCTTCCCA,-17.8,1.6
AACAGTTTCTTCCCA,-19.1,1.6
CCACAGTTTCTTCCA,-20.1,1.6
CCACAGTTTCTTCAC,-18.1,1.2
CCACAGTTTCTTACC,-17.6,0.1
CCACAGTTTCTACCC,-17.4,0.3
CCACAGTTTCATCCC,-17.4,2.5
CCACAGTTTATTCCC,-17.7,2.7
CCACAGTTACTTCCC,-17.4,1.6
CCACAGTATCTTCCC,-17.2,1.6
CCACAGATTCTTCCC,-17.5,0.4
CCACAATTTCTTCCC,-16.1,1.6
CCACTGTTTCTTCCC,-18.5,100
CCAAAGTTTCTTCCC,-16.8,0.4
CCTCAGTTTCTTCCC,-17.7,1.6
CAACAGTTTCTTCCC,-18.1,1.6
ACACAGTTTCTTCCC,-20.6,1.6
GCCACAGTTTCTTCA,-21.3,1.2
GCCACAGTTTCTTAC,-19.1,0.5
GCCACAGTTTCTACC,-18.6,0.3
GCCACAGTTTCATCC,-18.5,1.2
GCCACAGTTTATTCC,-18.8,1.2
GCCACAGTTACTTCC,-18.6,1.2
GCCACAGTATCTTCC,-18.3,1.2
GCCACAGATTCTTCC,-18.7,0.4
GCCACAATTTCTTCC,-17.2,1.6
GCCACTGTTTCTTCC,-19.7,1.3
GCCAAAGTTTCTTCC,-18,0.4
GCCTCAGTTTCTTCC,-18.9,1.2
GCAACAGTTTCTTCC,-17.7,1.6
GACACAGTTTCTTCC,-18.5,1.1
ACCACAGTTTCTTCC,-20.2,0.9
TGCCACAGTTTCTTA,-19.8,1.2
TGCCACAGTTTCTAC,-18.5,0.7
TGCCACAGTTTCATC,-17.9,1.2
TGCCACAGTTTATTC,-17.5,1.2
TGCCACAGTTACTTC,-17.3,1.2
TGCCACAGTATCTTC,-17.1,1.2
TGCCACAGATTCTTC,-17.4,0.7
TGCCACAATTTCTTC,-15.9,1.6
TGCCACTGTTTCTTC,-18.4,1.3
TGCCAAAGTTTCTTC,-16.7,0.4
TGCCTCAGTTTCTTC,-17.6,1.2
TGCAACAGTTTCTTC,-16.4,1.6
TGACACAGTTTCTTC,-17.2,0.9
TACCACAGTTTCTTC,-18.2,-0.1
AGCCACAGTTTCTTC,-21,1.2
GTGCCACAGTTTCTA,-20.7,0.9
GTGCCACAGTTTCAT,-20.1,0.9
GTGCCACAGTTTATT,-18.1,0.9
GTGCCACAGTTACTT,-17.9,0.9
GTGCCACAGTATCTT,-17.6,0.9
GTGCCACAGATTCTT,-18,0.9
GTGCCACAATTTCTT,-16.5,0.9
GTGCCACTGTTTCTT,-19,1.2
GTGCCAAAGTTTCTT,-17.2,0.4
GTGCCTCAGTTTCTT,-18.1,1.2
GTGCAACAGTTTCTT,-17,-0.1
GTGACACAGTTTCTT,-17.8,0.9
GTACCACAGTTTCTT,-16.5,-0.1
GAGCCACAGTTTCTT,-19.3,1.2
ATGCCACAGTTTCTT,-19.7,1.2
AGTGCCACAGTTTCA,-20.9,0.2
AGTGCCACAGTTTAT,-18.7,0.2
AGTGCCACAGTTACT,-17.4,0.2
AGTGCCACAGTATCT,-17.1,0.2
AGTGCCACAGATTCT,-17.4,0.2
AGTGCCACAATTTCT,-15.9,0.2
AGTGCCACTGTTTCT,-18.4,0
AGTGCCAAAGTTTCT,-16.7,1.2
AGTGCCTCAGTTTCT,-17.6,1.2
AGTGCAACAGTTTCT,-16.4,-0.8
AGTGACACAGTTTCT,-17.2,0.2
AGTACCACAGTTTCT,-15.4,-0.1
AGAGCCACAGTTTCT,-18,0.7
AATGCCACAGTTTCT,-18.4,1.2
TGTGCCACAGTTTCT,-21,0.1
AAGTGCCACAGTTTA,-19.8,0.1
AAGTGCCACAGTTAC,-18.4,-0.2
AAGTGCCACAGTATC,-17.2,0.2
AAGTGCCACAGATTC,-17.4,0.2
AAGTGCCACAATTTC,-15.9,0.2
AAGTGCCACTGTTTC,-18.4,-0.4
AAGTGCCAAAGTTTC,-16.6,1.2
AAGTGCCTCAGTTTC,-17.5,0.1
AAGTGCAACAGTTTC,-16.4,-0.8
AAGTGACACAGTTTC,-17.2,0.1
AAGTACCACAGTTTC,-15.3,-0.1
AAGAGCCACAGTTTC,-17.1,1.2
AAATGCCACAGTTTC,-17.3,0.8
ATGTGCCACAGTTTC,-19.9,-0.4
TAGTGCCACAGTTTC,-20.9,0.2
GAAGTGCCACAGTTA,-20.2,-0.8
GAAGTGCCACAGTAT,-19,0.2
GAAGTGCCACAGATT,-18.6,0.2
GAAGTGCCACAATTT,-15.9,0.2
GAAGTGCCACTGTTT,-18.4,-0.4
GAAGTGCCAAAGTTT,-16.7,1.2
GAAGTGCCTCAGTTT,-17.6,-0.5
GAAGTGCAACAGTTT,-16.4,-0.8
GAAGTGACACAGTTT,-17.2,-0.5
GAAGTACCACAGTTT,-15.4,-0.1
GAAGAGCCACAGTTT,-17.2,1.2
GAAATGCCACAGTTT,-15.9,0.2
GATGTGCCACAGTTT,-18.2,-0.4
GTAGTGCCACAGTTT,-19.2,0.2
AAAGTGCCACAGTTT,-19.8,-0.9
CGAAGTGCCACAGTA,-21.8,0.2
CGAAGTGCCACAGAT,-21.5,0.2
CGAAGTGCCACAATT,-18.1,0.2
CGAAGTGCCACTGTT,-19.9,-0.4
CGAAGTGCCAAAGTT,-18.2,1.2
CGAAGTGCCTCAGTT,-19.1,-0.3
CGAAGTGCAACAGTT,-17.9,-0.8
CGAAGTGACACAGTT,-18.7,-0.3
CGAAGTACCACAGTT,-16.9,-0.1
CGAAGAGCCACAGTT,-18.7,1.2
CGAAATGCCACAGTT,-17.4,0.3
CGATGTGCCACAGTT,-19.5,-0.4
CGTAGTGCCACAGTT,-18.7,0.2
CAAAGTGCCACAGTT,-18.4,-0.2
AGAAGTGCCACAGTT,-20.4,-0.3
CCGAAGTGCCACAGA,-23.4,0.2
CCGAAGTGCCACAAT,-20,0.2
CCGAAGTGCCACTGT,-20.7,-0.4
CCGAAGTGCCAAAGT,-18.9,1.2
CCGAAGTGCCTCAGT,-19.8,0.6
CCGAAGTGCAACAGT,-18.7,-0.8
CCGAAGTGACACAGT,-19.5,0.2
CCGAAGTACCACAGT,-17.6,0.1
CCGAAGAGCCACAGT,-19.4,1.2
CCGAAATGCCACAGT,-18.2,1.2
CCGATGTGCCACAGT,-20.3,-0.4
CCGTAGTGCCACAGT,-19.5,0.2
CCAAAGTGCCACAGT,-17.2,0.2
CAGAAGTGCCACAGT,-19.2,0.2
ACGAAGTGCCACAGT,-22.5,-0.7
ACCGAAGTGCCACAA,-21.5,0.2
ACCGAAGTGCCACTG,-21.2,-0.4
ACCGAAGTGCCAAAG,-19.7,0.5
ACCGAAGTGCCTCAG,-20.6,0.5
ACCGAAGTGCAACAG,-19.4,-0.8
ACCGAAGTGACACAG,-20.2,0.2
ACCGAAGTACCACAG,-18.3,0.2
ACCGAAGAGCCACAG,-20.2,100
ACCGAAATGCCACAG,-18.9,1.2
ACCGATGTGCCACAG,-21,-0.4
ACCGTAGTGCCACAG,-20.2,0.2
ACCAAAGTGCCACAG,-17.6,0.2
ACAGAAGTGCCACAG,-19.5,-0.1
AACGAAGTGCCACAG,-21.7,-1.1
TCCGAAGTGCCACAG,-23.2,0.2
CACCGAAGTGCCACT,-22.7,-1
CACCGAAGTGCCAAA,-19.7,-1
CACCGAAGTGCCTCA,-19.5,-1
CACCGAAGTGCAACA,-18.3,-1
CACCGAAGTGACACA,-19.1,-1.7
CACCGAAGTACCACA,-17.3,0.2
CACCGAAGAGCCACA,-19.1,100
CACCGAAATGCCACA,-17.9,1.3
CACCGATGTGCCACA,-19.9,-0.9
CACCGTAGTGCCACA,-19.1,-1
CACCAAAGTGCCACA,-16.5,-1
CACAGAAGTGCCACA,-18.4,-1.2
CAACGAAGTGCCACA,-19.6,-1.1
CTCCGAAGTGCCACA,-20.6,0.2
AACCGAAGTGCCACA,-22,0
GCACCGAAGTGCCAA,-22.3,-3.6
GCACCGAAGTGCCTC,-22,-3.6
GCACCGAAGTGCAAC,-20.2,-4.2
GCACCGAAGTGACAC,-20.8,-2.6
GCACCGAAGTACCAC,-18.9,0.2
GCACCGAAGAGCCAC,-20.8,0.2
GCACCGAAATGCCAC,-19.5,-1.3
GCACCGATGTGCCAC,-21.6,-3.5
GCACCGTAGTGCCAC,-20.8,-3.6
GCACCAAAGTGCCAC,-18.2,-3.6
GCACAGAAGTGCCAC,-20.1,-3.8
GCAACGAAGTGCCAC,-21.2,-1.2
GCTCCGAAGTGCCAC,-21.2,0
GAACCGAAGTGCCAC,-21,0
ACACCGAAGTGCCAC,-23.1,-2.1
GGCACCGAAGTGCCT,-24.6,-5.9
GGCACCGAAGTGCAA,-22.8,-4.9
GGCACCGAAGTGACA,-21.1,-2.6
GGCACCGAAGTACCA,-19.2,-0.6
GGCACCGAAGAGCCA,-21.1,-2.4
GGCACCGAAATGCCA,-19.8,-3.9
GGCACCGATGTGCCA,-21.9,-6.2
GGCACCGTAGTGCCA,-21.1,-6.2
GGCACCAAAGTGCCA,-18.5,-6.2
GGCACAGAAGTGCCA,-20.4,-6.5
GGCAACGAAGTGCCA,-21.5,-3.8
GGCTCCGAAGTGCCA,-21.5,-2.4
GGAACCGAAGTGCCA,-20.1,-1.4
GACACCGAAGTGCCA,-20.8,-2.1
AGCACCGAAGTGCCA,-23,-4.3
TGGCACCGAAGTGCA,-23.6,-4.9
TGGCACCGAAGTGAC,-21.3,-2.6
TGGCACCGAAGTACC,-19,-0.3
TGGCACCGAAGAGCC,-20.8,-2.2
TGGCACCGAAATGCC,-19.6,-3.7
TGGCACCGATGTGCC,-21.7,-5.9
TGGCACCGTAGTGCC,-20.9,-6
TGGCACCAAAGTGCC,-18.3,-6
TGGCACAGAAGTGCC,-20.2,-6.2
TGGCAACGAAGTGCC,-21.3,-3.6
TGGCTCCGAAGTGCC,-21.2,-2.2
TGGAACCGAAGTGCC,-19.9,-1.2
TGACACCGAAGTGCC,-19.8,-2.1
TAGCACCGAAGTGCC,-22,-4.3
AGGCACCGAAGTGCC,-24.6,-5.9
CTGGCACCGAAGTGA,-22.9,-2.6
CTGGCACCGAAGTAC,-20.1,0.2
CTGGCACCGAAGAGC,-20.3,-0.1
CTGGCACCGAAATGC,-19.1,-1.6
CTGGCACCGATGTGC,-21.1,-3.8
CTGGCACCGTAGTGC,-20.4,-3.9
CTGGCACCAAAGTGC,-17.8,-3.9
CTGGCACAGAAGTGC,-19.7,-4.1
CTGGCAACGAAGTGC,-20.8,-1.5
CTGGCTCCGAAGTGC,-20.7,-0.1
CTGGAACCGAAGTGC,-19.4,0
CTGACACCGAAGTGC,-18.2,-2.1
CTAGCACCGAAGTGC,-19.9,-3.9
CAGGCACCGAAGTGC,-22.5,-3.9
ATGGCACCGAAGTGC,-23.1,-3.9
GCTGGCACCGAAGTA,-23.3,0.2
GCTGGCACCGAAGAG,-23.1,0.2
GCTGGCACCGAAATG,-20.1,0.7
GCTGGCACCGATGTG,-22.1,-1.6
GCTGGCACCGTAGTG,-21.3,-1.6
GCTGGCACCAAAGTG,-18.8,-1.6
GCTGGCACAGAAGTG,-20.7,-3.5
GCTGGCAACGAAGTG,-21.8,-1.1
GCTGGCTCCGAAGTG,-21.7,0
GCTGGAACCGAAGTG,-20.4,0
GCTGACACCGAAGTG,-19.2,-1.9
GCTAGCACCGAAGTG,-19.6,-1.6
GCAGGCACCGAAGTG,-21.2,-1.6
GATGGCACCGAAGTG,-20.8,-1.6
ACTGGCACCGAAGTG,-23.1,-1.6
TGCTGGCACCGAAGA,-23.8,0.2
TGCTGGCACCGAAAT,-20.4,0.4
TGCTGGCACCGATGT,-20.6,-0.3
TGCTGGCACCGTAGT,-19.8,0.4
TGCTGGCACCAAAGT,-17.2,0.4
TGCTGGCACAGAAGT,-19.1,-3.5
TGCTGGCAACGAAGT,-20.2,-0.6
TGCTGGCTCCGAAGT,-20.2,0
TGCTGGAACCGAAGT,-18.8,0.5
TGCTGACACCGAAGT,-17.6,0.6
TGCTAGCACCGAAGT,-18,0.4
TGCAGGCACCGAAGT,-19.6,0.4
TGATGGCACCGAAGT,-19.8,0.7
TACTGGCACCGAAGT,-20.8,-0.4
AGCTGGCACCGAAGT,-23.6,0.7
TTGCTGGCACCGAAA,-21.4,0.4
TTGCTGGCACCGATG,-20.2,0.2
TTGCTGGCACCGTAG,-20.1,0.4
TTGCTGGCACCAAAG,-17.6,0.4
TTGCTGGCACAGAAG,-19.4,-3.5
TTGCTGGCAACGAAG,-20.5,-0.6
TTGCTGGCTCCGAAG,-20.4,0.5
TTGCTGGAACCGAAG,-19.1,1.2
TTGCTGACACCGAAG,-17.9,0.6
TTGCTAGCACCGAAG,-18.3,0.4
TTGCAGGCACCGAAG,-19.9,0.4
TTGATGGCACCGAAG,-20.1,0.7
TTACTGGCACCGAAG,-20,0.9
TAGCTGGCACCGAAG,-22.8,1.2
ATGCTGGCACCGAAG,-23.4,0.1
GTTGCTGGCACCGAT,-22.4,0.4
GTTGCTGGCACCGTA,-21.9,0.4
GTTGCTGGCACCAAA,-19.8,0.4
GTTGCTGGCACAGAA,-18.9,-3.5
GTTGCTGGCAACGAA,-20,-2.5
GTTGCTGGCTCCGAA,-20,1.3
GTTGCTGGAACCGAA,-18.6,-0.5
GTTGCTGACACCGAA,-17.4,-0.2
GTTGCTAGCACCGAA,-17.9,0.4
GTTGCAGGCACCGAA,-19.4,0.4
GTTGATGGCACCGAA,-19.7,0.7
GTTACTGGCACCGAA,-17.8,1
GTAGCTGGCACCGAA,-20.2,1
GATGCTGGCACCGAA,-20.8,0.1
ATTGCTGGCACCGAA,-21.9,0.4
GGTTGCTGGCACCGT,-23.9,0
GGTTGCTGGCACCAA,-21.8,-0.8
GGTTGCTGGCACAGA,-20,-3.5
GGTTGCTGGCAACGA,-20.9,-3.1
GGTTGCTGGCTCCGA,-20.9,0.6
GGTTGCTGGAACCGA,-19.5,-2.2
GGTTGCTGACACCGA,-18.4,-0.8
GGTTGCTAGCACCGA,-18.8,0
GGTTGCAGGCACCGA,-20.4,0
GGTTGATGGCACCGA,-20.6,0
GGTTACTGGCACCGA,-18.7,0
GGTAGCTGGCACCGA,-20.2,-0.1
GGATGCTGGCACCGA,-20.7,0.1
GATTGCTGGCACCGA,-20.8,0.4
AGTTGCTGGCACCGA,-23,0.3
GGGTTGCTGGCACCA,-23.8,-1.5
GGGTTGCTGGCACAG,-22,-2.6
GGGTTGCTGGCAACG,-22,-3.1
GGGTTGCTGGCTCCG,-22,0.3
GGGTTGCTGGAACCG,-20.6,-2.9
GGGTTGCTGACACCG,-19.4,-0.8
GGGTTGCTAGCACCG,-19.8,-0.6
GGGTTGCAGGCACCG,-21.4,-0.6
GGGTTGATGGCACCG,-21.7,-0.6
GGGTTACTGGCACCG,-19.7,-0.6
GGGTAGCTGGCACCG,-21.2,-0.8
GGGATGCTGGCACCG,-21.8,0
GGATTGCTGGCACCG,-20.7,0.4
GAGTTGCTGGCACCG,-22.1,0.3
AGGTTGCTGGCACCG,-24.1,-0.6
GGGGTTGCTGGCACA,-24.6,-0.4
GGGGTTGCTGGCAAC,-21.4,-3
GGGGTTGCTGGCTCC,-21.9,-0.1
GGGGTTGCTGGAACC,-20.6,-2.8
GGGGTTGCTGACACC,-19.4,-1.5
GGGGTTGCTAGCACC,-19.8,-0.5
GGGGTTGCAGGCACC,-21.4,-0.5
GGGGTTGATGGCACC,-21.6,-0.5
GGGGTTACTGGCACC,-19.7,-0.5
GGGGTAGCTGGCACC,-21.2,-0.7
GGGGATGCTGGCACC,-21.8,0.1
GGGATTGCTGGCACC,-19.7,0.3
GGAGTTGCTGGCACC,-19.5,0.3
GAGGTTGCTGGCACC,-21.4,-0.5
AGGGTTGCTGGCACC,-23.5,-0.5
TGGGGTTGCTGGCAA,-22.1,-0.6
TGGGGTTGCTGGCTC,-21.8,0.6
TGGGGTTGCTGGAAC,-19.7,-0.8
TGGGGTTGCTGACAC,-18.3,-0.8
TGGGGTTGCTAGCAC,-18.8,0.3
TGGGGTTGCAGGCAC,-20.3,0.3
TGGGGTTGATGGCAC,-20.6,0.3
TGGGGTTACTGGCAC,-18.7,0.3
TGGGGTAGCTGGCAC,-20.1,0.4
TGGGGATGCTGGCAC,-20.7,0.1
TGGGATTGCTGGCAC,-18.6,0.4
TGGAGTTGCTGGCAC,-18.4,0.3
TGAGGTTGCTGGCAC,-19.6,-0.2
TAGGGTTGCTGGCAC,-21.7,-0.7
AGGGGTTGCTGGCAC,-24.3,0.3
ATGGGGTTGCTGGCT,-22.7,0.6
ATGGGGTTGCTGGAA,-20.6,0.7
ATGGGGTTGCTGACA,-18.4,-0.8
ATGGGGTTGCTAGCA,-17.4,0.3
ATGGGGTTGCAGGCA,-19,0.3
ATGGGGTTGATGGCA,-19.2,0.3
ATGGGGTTACTGGCA,-17.3,0.3
ATGGGGTAGCTGGCA,-18.8,0.4
ATGGGGATGCTGGCA,-19.3,0.1
ATGGGATTGCTGGCA,-17.3,0.4
ATGGAGTTGCTGGCA,-17.1,0.3
ATGAGGTTGCTGGCA,-17.4,-0.2
ATAGGGTTGCTGGCA,-19.4,-0.7
AAGGGGTTGCTGGCA,-22.1,0.3
TTGGGGTTGCTGGCA,-22.1,0.3
GTTGCTGGCACCGAAGTGCCACAGTTTCTTCCCAACCCAAG,-65.6,-7.1
GGTTGCTGGCACCGAAGTGCCACAGTTTCTTCCCAACCCAA,-66.2,-7.1
GGGTTGCTGGCACCGAAGTGCCACAGTTTCTTCCCAACCCA,-67,-9.7
GGGGTTGCTGGCACCGAAGTGCCACAGTTTCTTCCCAACCC,-68.7,-9.4
TGGGGTTGCTGGCACCGAAGTGCCACAGTTTCTTCCCAACC,-67.3,-8.1
ATGGGGTTGCTGGCACCGAAGTGCCACAGTTTCTTCCCAAC,-66.2,-8.4
GGTTGCTGGCACCGAAGTGCCACAGTTTCTTCCCAACCCAAG,-67.6,-7.1
GGGTTGCTGGCACCGAAGTGCCACAGTTTCTTCCCAACCCAA,-68.2,-9.7
GGGGTTGCTGGCACCGAAGTGCCACAGTTTCTTCCCAACCCA,-69.7,-10.3
TGGGGTTGCTGGCACCGAAGTGCCACAGTTTCTTCCCAACCC,-69.4,-9.4
ATGGGGTTGCTGGCACCGAAGTGCCACAGTTTCTTCCCAACC,-68.2,-8.4
GGGTTGCTGGCACCGAAGTGCCACAGTTTCTTCCCAACCCAAG,-69.6,-9.7
GGGGTTGCTGGCACCGAAGTGCCACAGTTTCTTCCCAACCCAA,-70.8,-10.3
TGGGGTTGCTGGCACCGAAGTGCCACAGTTTCTTCCCAACCCA,-70.4,-10.3
ATGGGGTTGCTGGCACCGAAGTGCCACAGTTTCTTCCCAACCC,-70.3,-9.4
GGGGTTGCTGGCACCGAAGTGCCACAGTTTCTTCCCAACCCAAG,-72.3,-10.3
TGGGGTTGCTGGCACCGAAGTGCCACAGTTTCTTCCCAACCCAA,-71.6,-10.3
ATGGGGTTGCTGGCACCGAAGTGCCACAGTTTCTTCCCAACCCA,-71.3,-10.3
TGGGGTTGCTGGCACCGAAGTGCCACAGTTTCTTCCCAACCCAAG,-73,-10.3
ATGGGGTTGCTGGCACCGAAGTGCCACAGTTTCTTCCCAACCCAA,-72.4,-10.3
ATGGGGTTGCTGGCACCGAAGTGCCACAGTTTCTTCCCAACCCAAG,-73.9,-10.3
TTTTTTTTTTACAGTTTCTTCC,-16.5,1.6
TTTTTTTTTTCACAGTTTCTTC,-16.1,1.6
TTTTTTTTTTCCACAGTTTCTT,-16.1,1.6
TTTTTTTTTTGCCACAGTTTCT,-18,1.2
TTTTTTTTTTTGCCACAGTTTC,-16.9,1.2
TTTTTTTTTTGTGCCACAGTTT,-18.2,0.1
TTTTTTTTTTAGTGCCACAGTT,-17.8,0.2
TTTTTTTTTTAAGTGCCACAGT,-17.7,0.2
TTTTTTTTTTGAAGTGCCACAG,-18.4,0.2
TTTTTTTTTTCGAAGTGCCACA,-18.7,0.2